make,num-of-doors,body-style,num-of-cylinders,horsepower,city-mpg,highway-mpg,price,city-L/100km,highway-L/100km,L/100km-mean,
Alfa Romero,two,convertible,four,111,21,27,16500,11.19,8.70,9.95,
Alfa Romero,two,hatchback,six,154,19,26,16500,12.37,9.04,10.70,
Alfa Romero,two,convertible,four,111,21,27,13495,11.19,8.70,9.95,
Audi,four,sedan,five,140,17,20,23875,13.82,11.75,12.79,
Audi,four,wagon,five,110,19,25,18920,12.37,9.40,10.88,
Audi,four,sedan,five,110,19,25,17710,12.37,9.40,10.88,
Audi,four,sedan,five,115,18,22,17450,13.06,10.68,11.87,
Audi,two,sedan,five,110,19,25,15250,12.37,9.40,10.88,
Audi,four,sedan,four,102,24,30,13950,9.79,7.83,8.81,
BMW,two,sedan,six,182,16,22,41315,14.69,10.68,12.68,
BMW,four,sedan,six,182,15,20,36880,15.67,11.75,13.71,
BMW,four,sedan,six,182,16,22,30760,14.69,10.68,12.68,
BMW,four,sedan,six,121,20,25,24565,11.75,9.40,10.58,
BMW,four,sedan,six,121,21,28,21105,11.19,8.39,9.79,
BMW,two,sedan,six,121,21,28,20970,11.19,8.39,9.79,
BMW,four,sedan,four,101,23,29,16925,10.22,8.10,9.16,
BMW,two,sedan,four,101,23,29,16430,10.22,8.10,9.16,
Dodge,two,hatchback,four,145,19,24,12964,12.37,9.79,11.08,
Honda,four,sedan,four,101,24,28,12945,9.79,8.39,9.09,
Honda,two,sedan,four,100,25,31,10345,9.40,7.58,8.49,
Honda,four,sedan,four,86,27,33,10295,8.70,7.12,7.91,
Isuzu,two,hatchback,four,90,24,29,11048,9.79,8.10,8.95,
Jaguar,two,sedan,twelve,262,13,17,36000,18.08,13.82,15.95,
Jaguar,four,sedan,six,176,15,19,35550,15.67,12.37,14.02,
Jaguar,four,sedan,six,176,15,19,32250,15.67,12.37,14.02,
Mazda,four,sedan,four,72,31,39,18344,7.58,6.03,6.80,
Mazda,four,sedan,four,120,19,27,18280,12.37,8.70,10.54,
Mazda,two,hatchback,two,135,16,23,15645,14.69,10.22,12.45,
Mazda,two,hatchback,two,101,17,23,13645,13.82,10.22,12.02,
Mazda,two,hatchback,two,101,17,23,11845,13.82,10.22,12.02,
Mazda,four,hatchback,four,84,26,32,11245,9.04,7.34,8.19,
Mazda,two,hatchback,two,101,17,23,10945,13.82,10.22,12.02,
Mazda,four,sedan,four,64,36,42,10795,6.53,5.60,6.06,
Mazda,two,hatchback,four,84,26,32,10595,9.04,7.34,8.19,
Mazda,four,sedan,four,84,26,32,10245,9.04,7.34,8.19,
Mercedes Benz,two,hardtop,eight,184,14,16,45400,16.79,14.69,15.74,
Mercedes Benz,four,sedan,eight,184,14,16,40960,16.79,14.69,15.74,
Mercedes Benz,two,convertible,eight,155,16,18,35056,14.69,13.06,13.87,
Mercedes Benz,four,sedan,eight,155,16,18,34184,14.69,13.06,13.87,
Mercedes Benz,four,sedan,five,123,22,25,31600,10.68,9.40,10.04,
Mercedes Benz,four,wagon,five,123,22,25,28248,10.68,9.40,10.04,
Mercedes Benz,two,hardtop,five,123,22,25,28176,10.68,9.40,10.04,
Mercedes Benz,four,sedan,five,123,22,25,25552,10.68,9.40,10.04,
Mercury,two,hatchback,four,175,19,24,16503,12.37,9.79,11.08,
Mitsubishi,two,hatchback,four,145,19,24,14869,12.37,9.79,11.08,
Mitsubishi,two,hatchback,four,145,19,24,14489,12.37,9.79,11.08,
Mitsubishi,two,hatchback,four,145,19,24,12629,12.37,9.79,11.08,
Nissan,two,hatchback,six,200,17,23,19699,13.82,10.22,12.02,
Nissan,two,hatchback,six,160,19,25,18399,12.37,9.40,10.88,
Nissan,two,hatchback,six,160,19,25,17199,12.37,9.40,10.88,
Nissan,four,wagon,six,152,17,22,14399,13.82,10.68,12.25,
Nissan,four,sedan,six,152,17,22,13499,13.82,10.68,12.25,
Nissan,four,sedan,six,152,19,25,13499,12.37,9.40,10.88,
Peugot,four,sedan,four,142,18,24,18150,13.06,9.79,11.42,
Peugot,four,sedan,four,95,28,33,17950,8.39,7.12,7.76,
Peugot,four,wagon,four,95,25,25,17075,9.40,9.40,9.40,
Peugot,four,sedan,four,95,28,33,16900,8.39,7.12,7.76,
Peugot,four,wagon,four,95,19,24,16695,12.37,9.79,11.08,
Peugot,four,sedan,four,97,19,24,16630,12.37,9.79,11.08,
Peugot,four,sedan,four,95,19,24,15580,12.37,9.79,11.08,
Peugot,four,wagon,four,95,25,25,13860,9.40,9.40,9.40,
Peugot,four,sedan,four,95,28,33,13200,8.39,7.12,7.76,
Peugot,four,wagon,four,97,19,24,12440,12.37,9.79,11.08,
Peugot,four,sedan,four,97,19,24,11900,12.37,9.79,11.08,
Plymouth,two,hatchback,four,145,19,24,12764,12.37,9.79,11.08,
Porsche,two,convertible,six,207,17,25,37028,13.82,9.40,11.61,
Porsche,two,hardtop,six,207,17,25,34028,13.82,9.40,11.61,
Porsche,two,hardtop,six,207,17,25,32528,13.82,9.40,11.61,
Porsche,two,hatchback,four,143,19,27,22018,12.37,8.70,10.54,
Saab,four,sedan,four,160,19,26,18620,12.37,9.04,10.70,
Saab,two,hatchback,four,160,19,26,18150,12.37,9.04,10.70,
Saab,four,sedan,four,110,21,28,15510,11.19,8.39,9.79,
Saab,two,hatchback,four,110,21,28,15040,11.19,8.39,9.79,
Saab,four,sedan,four,110,21,28,12170,11.19,8.39,9.79,
Saab,two,hatchback,four,110,21,28,11850,11.19,8.39,9.79,
Subaru,four,wagon,four,111,23,23,11694,10.22,10.22,10.22,
Subaru,four,sedan,four,111,24,29,11259,9.79,8.10,8.95,
Subaru,four,wagon,four,94,25,31,10198,9.40,7.58,8.49,
Toyota,two,convertible,four,116,24,30,17669,9.79,7.83,8.81,
Toyota,two,hatchback,six,161,20,24,16558,11.75,9.79,10.77,
Toyota,two,hatchback,six,161,19,24,15998,12.37,9.79,11.08,
Toyota,four,wagon,six,156,19,24,15750,12.37,9.79,11.08,
Toyota,four,sedan,six,156,20,24,15690,11.75,9.79,10.77,
Toyota,two,hatchback,four,116,24,30,11549,9.79,7.83,8.81,
Toyota,four,hatchback,four,92,27,32,11248,8.70,7.34,8.02,
Toyota,two,hardtop,four,116,24,30,11199,9.79,7.83,8.81,
Toyota,four,sedan,four,92,27,32,10898,8.70,7.34,8.02,
Toyota,four,sedan,four,73,30,33,10698,7.83,7.12,7.48,
Volkswagen,four,sedan,four,68,33,38,13845,7.12,6.18,6.65,
Volkswagen,four,sedan,five,110,19,24,13295,12.37,9.79,11.08,
Volkswagen,four,wagon,four,88,25,31,12290,9.40,7.58,8.49,
Volkswagen,two,convertible,four,90,24,29,11595,9.79,8.10,8.95,
Volvo,four,sedan,four,114,19,25,22625,12.37,9.40,10.88,
Volvo,four,sedan,six,106,26,27,22470,9.04,8.70,8.87,
Volvo,four,sedan,six,134,18,23,21485,13.06,10.22,11.64,
Volvo,four,sedan,four,160,19,25,19045,12.37,9.40,10.88,
Volvo,four,wagon,four,162,17,22,18950,13.82,10.68,12.25,
Volvo,four,sedan,four,162,17,22,18420,13.82,10.68,12.25,
Volvo,four,sedan,four,114,23,28,16845,10.22,8.39,9.31,
Volvo,four,wagon,four,114,24,28,16515,9.79,8.39,9.09,
Volvo,four,sedan,four,114,24,28,15985,9.79,8.39,9.09,
Volvo,four,wagon,four,114,23,28,13415,10.22,8.39,9.31,
Volvo,four,sedan,four,114,23,28,12940,10.22,8.39,9.31,
